<?xml version="1.0" encoding="UTF-8"?>

<model package="remove_duplicates_modx" baseClass="xPDOObject" platform="mysql" defaultEngine="InnoDB" phpdoc-package="" phpdoc-subpackage="" version="1.1">

    <object class="remove_duplicates_modxGroup" table="remove_duplicates_modx_groups" extends="xPDOSimpleObject">
        <field key="title" dbtype="varchar" phptype="string" precision="100" null="false" default="" />
        <field key="description" dbtype="text" phptype="string" null="false" default="" />
        <field key="createdby" dbtype="int" precision="10" phptype="integer" null="false" default="0" />
    	<field key="createdon" dbtype="datetime" phptype="datetime" null="true" />
        <field key="editedby" dbtype="int" precision="10" phptype="integer" null="false" default="0" />
        <field key="editedon" dbtype="datetime" phptype="datetime" null="true" />
        <field key="deleted" dbtype="tinyint" precision="1" attributes="unsigned" phptype="integer" null="false" default="0" />
        <field key="deletedon" dbtype="datetime" phptype="datetime" null="true" />
        <field key="deletedby" dbtype="int" precision="10" phptype="integer" null="false" default="0" />
        <field key="published" dbtype="tinyint" precision="1" attributes="unsigned" phptype="integer" null="false" default="0" />
        <field key="publishedon" dbtype="datetime" phptype="datetime" null="true" />
        <field key="publishedby" dbtype="int" precision="10" phptype="integer" null="false" default="0" />
        <field key="group_id" dbtype="int" precision="10" phptype="integer" null="false" default="0" index="index" />

        <composite alias="Item" class="remove_duplicates_modxItem" local="id" foreign="group_id" cardinality="many" owner="local" />
    </object>

    <object class="remove_duplicates_modxItem" table="remove_duplicates_modx_items" extends="xPDOSimpleObject">
        <field key="title" dbtype="varchar" phptype="string" precision="100" null="false" default="" />
        <field key="description" dbtype="text" phptype="string" null="false" default="" />
        <field key="price" dbtype="decimal" precision="8,2" phptype="float" null="false" default="0" index="index" />
        <field key="pos" dbtype="int" precision="10" phptype="integer" null="false" default="0" index="index" />
        <field key="images" dbtype="text" phptype="string" null="false" default="" />
        <field key="createdby" dbtype="int" precision="10" phptype="integer" null="false" default="0" />
    	<field key="createdon" dbtype="datetime" phptype="datetime" null="true" />
        <field key="editedby" dbtype="int" precision="10" phptype="integer" null="false" default="0" />
        <field key="editedon" dbtype="datetime" phptype="datetime" null="true" />
        <field key="deleted" dbtype="tinyint" precision="1" attributes="unsigned" phptype="integer" null="false" default="0" />
        <field key="deletedon" dbtype="datetime" phptype="datetime" null="true" />
        <field key="deletedby" dbtype="int" precision="10" phptype="integer" null="false" default="0" />
        <field key="published" dbtype="tinyint" precision="1" attributes="unsigned" phptype="integer" null="false" default="0" />
        <field key="publishedon" dbtype="datetime" phptype="datetime" null="true" />
        <field key="publishedby" dbtype="int" precision="10" phptype="integer" null="false" default="0" />
        <field key="group_id" dbtype="int" precision="10" phptype="integer" null="false" default="0" index="index" />

        <aggregate alias="Group" class="remove_duplicates_modxGroup" local="group_id" foreign="id" cardinality="one" owner="foreign" />
    </object>

</model>